{
    "name": "root",
    "metadata": {
        "timer_format_version": "0.1.0",
        "start_time_seconds": "1734720440",
        "python_version": "3.10.12 | packaged by Anaconda, Inc. | (main, Jul  5 2023, 19:01:18) [MSC v.1916 64 bit (AMD64)]",
        "command_line_arguments": "E:\\dev\\conda\\envs\\mlagents\\Scripts\\mlagents-learn .\\ML Config\\ButtonPresser.yaml --force --run-id=ButtonPresser",
        "mlagents_version": "1.2.0.dev0",
        "mlagents_envs_version": "1.2.0.dev0",
        "communication_protocol_version": "1.5.0",
        "pytorch_version": "2.2.2+cu121",
        "numpy_version": "1.23.5",
        "end_time_seconds": "1734720466"
    },
    "total": 25.937363099999857,
    "count": 1,
    "self": 0.03615710000030958,
    "children": {
        "run_training.setup": {
            "total": 0.11617159999968862,
            "count": 1,
            "self": 0.11617159999968862
        },
        "TrainerController.start_learning": {
            "total": 25.78503439999986,
            "count": 1,
            "self": 0.000120499999866297,
            "children": {
                "TrainerController._reset_env": {
                    "total": 25.711713300000156,
                    "count": 1,
                    "self": 25.711713300000156
                },
                "TrainerController.advance": {
                    "total": 0.0009333999996670173,
                    "count": 1,
                    "self": 9.599999430065509e-06,
                    "children": {
                        "env_step": {
                            "total": 0.0009238000002369517,
                            "count": 1,
                            "self": 0.00013320000016392441,
                            "children": {
                                "SubprocessEnvManager._take_step": {
                                    "total": 0.0007906000000730273,
                                    "count": 1,
                                    "self": 3.4899999263870995e-05,
                                    "children": {
                                        "TorchPolicy.evaluate": {
                                            "total": 0.0007557000008091563,
                                            "count": 1,
                                            "self": 0.0007557000008091563
                                        }
                                    }
                                }
                            }
                        }
                    }
                },
                "TrainerController._save_models": {
                    "total": 0.0722672000001694,
                    "count": 1,
                    "self": 2.4200000552809797e-05,
                    "children": {
                        "RLTrainer._checkpoint": {
                            "total": 0.07224299999961659,
                            "count": 1,
                            "self": 0.07224299999961659
                        }
                    }
                }
            }
        }
    }
}